p_pdb_id,q_pdb_id,p_chain_id,q_chain_id
1cbu,1c9k,B,B
1e0s,2j5x,A,A
1brd,2brd,A,A
1pfh,1hdn,A,A
1a8v,2a8v,A,A
1rcl,1rck,A,A
1k9k,1k9p,A,A
1bjy,1bjz,A,A
1f3y,1jkn,A,A
1a03,1cnp,B,A
5cro,6cro,A,A
1a67,1cew,A,I
3enl,7enl,A,A
1ecb,1ecc,A,A
3hvp,4hvp,A,A
3icd,1ai2,A,A
6ldh,1ldm,A,A
1dqz,1dqy,A,A
6q21,4q21,A,A
1ser,1ses,B,A
2ktq,3ktq,A,A
1chn,3chy,A,A
1dcm,1d5w,A,A
1lgr,2gls,A,A
1prv,1pru,A,A
2phy,3pyp,A,A
1caq,1cqr,A,A
1lb5,1lb4,A,A
1fox,2fow,A,A
1lcc,1lqc,A,A
1j74,1j7d,A,A
2c4q,2iz9,A,A
9aat,1ama,A,A
8adh,6adh,A,A
1jky,1j7n,A,A
1bu7,1jpz,A,A
3cox,1coy,A,A
1njg,1njf,A,A
1cts,4cts,A,A
1efw,1g51,A,B
2eia,1eia,A,A
5er2,4ape,E,A
2eza,3eza,A,A
1gln,1g59,A,A
2gd1,1gd1,O,O
1i6i,1i5s,A,A
1lci,1ba3,A,A
1h9k,1h9m,A,A
1jys,1nc3,A,A
1dv7,1dvj,A,A
1pvu,1pvi,A,A
1uj1,1uk2,A,A
1wrp,3wrp,R,A
1evk,1evl,A,A
1amn,1ea5,A,A
1ank,1ake,A,A
1b47,2cbl,B,A
1cll,1ctr,A,A
1l5e,1l5b,A,A
1dap,3dap,B,A
1gu0,1gu1,A,A
1jej,1jg6,A,A
1ddt,1mdt,A,A
1n0u,1n0v,A,C
1erk,2erk,A,A
2nac,2nad,A,A
1d9v,1mrp,A,A
1e88,1e8b,A,A
1jbv,1jbw,A,A
1ggg,1wdn,A,A
1ex6,1ex7,A,A
1oxu,1oxs,C,C
1fto,1ftm,B,B
1ibo,1ibn,A,A
1eq0,1hka,A,A
1aa7,1ea3,A,A
1bcc,2bcc,A,A
2lao,1laf,A,E
1p7q,1g0x,D,A
1l97,1l96,B,A
1omp,3mbp,A,A
1mml,1qai,A,A
1lua,1lu9,A,A
1rkm,2rkm,A,A
1bpd,2bpg,A,A
1nyl,1gtr,A,A
1urp,2dri,A,A
1fgu,1jmc,A,A
1msw,1qln,D,A
1bp5,1a8e,A,A
1ttp,1ttq,A,A
1akz,1ssp,A,E
1k93,1k8t,A,A
1k92,1kp2,A,A
1hoo,1qf5,B,A
1gdt,2rsl,A,A
1g7t,1g7s,A,A
1dfk,1b7t,A,A
1idi,1idg,A,A
1gp2,1cip,A,A
1klq,1duj,A,A
5at1,8atc,A,A
9gpb,1gpb,A,A
2hco,4hhb,A,A
1jmj,1jmo,A,A
2pfk,1pfk,A,A
1dkr,1dku,A,A
1g6o,1nlz,B,B
1ii0,1ihu,A,A
1bhm,1bam,A,A
1q1b,1q12,A,A
1iwo,1su4,A,A
1pjr,3pjr,A,A
1lwt,1vde,A,A
